COUNTRY,ECON_CODE,ISO_A3,NE_ADM0_A3,REGION,INCOME_GRP,REPORT_YEAR,MAT_DAYS,MAT_WEEKS,MAT_MONTHS,MAT_CLASS_ID,MAT_CLASS_DAYS,MAT_CLASS_WEEKS,MAT_PAID_STATUS,MAT_BEN_STATUS,MAT_BEN_WHO,PAT_DAYS,PAT_WEEKS,PAT_PAID_STATUS,PREG_DISMISS_PROT,PARENTHOOD_LF,PARENTHOOD_SF,PARENTHOOD_EP,SOURCE_NOTE
Afghanistan,AFG,AFG,AFG,South Asia,Low income,2026,0,0.0,0.0,1,0 days,0 weeks,No,No,N/A,0,0.0,No,No,0.0,0.0,0.0,"World Bank Women, Business and the Law 2026 workbook, tab '6. Parenthood'"
Albania,ALB,ALB,ALB,Europe & Central Asia,Upper middle income,2026,365,52.1,12.0,5,365+ days,52+ weeks,Yes,Yes,Government,3,0.4,Partial / conditional,Yes,80.25,50.0,63.81,"World Bank Women, Business and the Law 2026 workbook, tab '6. Parenthood'"
Algeria,DZA,DZA,DZA,Middle East & North Africa,Upper middle income,2026,150,21.4,4.9,3,98–183 days,14–26 weeks,Yes,Yes,Government,3,0.4,Partial / conditional,No,55.25,25.0,55.25,"World Bank Women, Business and the Law 2026 workbook, tab '6. Parenthood'"
Angola,AGO,AGO,AGO,Sub-Saharan Africa,Lower middle income,2026,90,12.9,3.0,2,1–97 days,1–13 weeks,Partial / conditional,Yes,Government,1,0.1,Partial / conditional,Yes,74.75,50.0,52.0,"World Bank Women, Business and the Law 2026 workbook, tab '6. Parenthood'"
Antigua and Barbuda,ATG,ATG,ATG,Latin America & Caribbean,High income,2026,98,14.0,3.2,3,98–183 days,14–26 weeks,Yes,Partial / conditional,Employer and government,0,0.0,No,No,37.5,25.0,37.5,"World Bank Women, Business and the Law 2026 workbook, tab '6. Parenthood'"
Argentina,ARG,ARG,ARG,Latin America & Caribbean,Upper middle income,2026,90,12.9,3.0,2,1–97 days,1–13 weeks,Partial / conditional,Yes,Government,2,0.3,Partial / conditional,Yes,76.5,25.0,69.38,"World Bank Women, Business and the Law 2026 workbook, tab '6. Parenthood'"
Armenia,ARM,ARM,ARM,Europe & Central Asia,Upper middle income,2026,800,114.3,26.3,5,365+ days,52+ weeks,Yes,Yes,Government,7,1.0,Partial / conditional,Yes,87.5,50.0,65.63,"World Bank Women, Business and the Law 2026 workbook, tab '6. Parenthood'"
Australia,AUS,AUS,AUS,High income: OECD,High income,2026,147,21.0,4.8,3,98–183 days,14–26 weeks,Yes,Yes,N/A,21,3.0,Yes,Yes,100.0,25.0,93.75,"World Bank Women, Business and the Law 2026 workbook, tab '6. Parenthood'"
Austria,AUT,AUT,AUT,High income: OECD,High income,2026,477,68.1,15.7,5,365+ days,52+ weeks,Yes,Yes,Government,30,4.3,Yes,Yes,100.0,75.0,87.5,"World Bank Women, Business and the Law 2026 workbook, tab '6. Parenthood'"
Azerbaijan,AZE,AZE,AZE,Europe & Central Asia,Upper middle income,2026,1165,166.4,38.3,5,365+ days,52+ weeks,Yes,Yes,Government,0,0.0,No,Yes,75.0,25.0,68.75,"World Bank Women, Business and the Law 2026 workbook, tab '6. Parenthood'"
"Bahamas, The",BHS,BHS,BHS,Latin America & Caribbean,High income,2026,84,12.0,2.8,2,1–97 days,1–13 weeks,Partial / conditional,Partial / conditional,Employer and government,0,0.0,No,Yes,59.0,0.0,51.63,"World Bank Women, Business and the Law 2026 workbook, tab '6. Parenthood'"
Bahrain,BHR,BHR,BHR,Middle East & North Africa,High income,2026,60,8.6,2.0,2,1–97 days,1–13 weeks,Partial / conditional,No,Employer,1,0.1,Partial / conditional,Yes,42.0,0.0,35.31,"World Bank Women, Business and the Law 2026 workbook, tab '6. Parenthood'"
Bangladesh,BGD,BGD,BGD,South Asia,Lower middle income,2026,112,16.0,3.7,3,98–183 days,14–26 weeks,Yes,No,Employer,0,0.0,No,No,25.0,0.0,18.75,"World Bank Women, Business and the Law 2026 workbook, tab '6. Parenthood'"
Barbados,BRB,BRB,BRB,Latin America & Caribbean,High income,2026,84,12.0,2.8,2,1–97 days,1–13 weeks,Partial / conditional,Yes,Government,0,0.0,No,Yes,71.5,25.0,71.5,"World Bank Women, Business and the Law 2026 workbook, tab '6. Parenthood'"
Belarus,BLR,BLR,BLR,Europe & Central Asia,Upper middle income,2026,1221,174.4,40.1,5,365+ days,52+ weeks,Yes,Yes,Government,0,0.0,No,Yes,75.0,50.0,68.75,"World Bank Women, Business and the Law 2026 workbook, tab '6. Parenthood'"
Belgium,BEL,BEL,BEL,High income: OECD,High income,2026,225,32.1,7.4,4,184–364 days,26–51 weeks,Yes,Yes,Government,148,21.1,Yes,Yes,100.0,75.0,100.0,"World Bank Women, Business and the Law 2026 workbook, tab '6. Parenthood'"
Belize,BLZ,BLZ,BLZ,Latin America & Caribbean,Upper middle income,2026,98,14.0,3.2,3,98–183 days,14–26 weeks,Yes,Partial / conditional,Employer and government,0,0.0,No,Yes,62.5,25.0,,"World Bank Women, Business and the Law 2026 workbook, tab '6. Parenthood'"
Benin,BEN,BEN,BEN,Sub-Saharan Africa,Lower middle income,2026,98,14.0,3.2,3,98–183 days,14–26 weeks,Yes,Partial / conditional,Employer and government,3,0.4,Partial / conditional,Yes,67.75,25.0,33.88,"World Bank Women, Business and the Law 2026 workbook, tab '6. Parenthood'"
Bhutan,BTN,BTN,BTN,South Asia,Lower middle income,2026,60,8.6,2.0,2,1–97 days,1–13 weeks,Partial / conditional,No,Employer,14,2.0,Yes,Yes,65.25,0.0,59.0,"World Bank Women, Business and the Law 2026 workbook, tab '6. Parenthood'"
Bolivia,BOL,BOL,BOL,Latin America & Caribbean,Lower middle income,2026,90,12.9,3.0,2,1–97 days,1–13 weeks,Partial / conditional,Yes,Government,3,0.4,Partial / conditional,Yes,78.25,25.0,57.38,"World Bank Women, Business and the Law 2026 workbook, tab '6. Parenthood'"
Bosnia and Herzegovina,BIH,BIH,BIH,Europe & Central Asia,Upper middle income,2026,365,52.1,12.0,5,365+ days,52+ weeks,Yes,Yes,Government,9,1.3,Partial / conditional,Yes,91.0,50.0,76.5,"World Bank Women, Business and the Law 2026 workbook, tab '6. Parenthood'"
Botswana,BWA,BWA,BWA,Sub-Saharan Africa,Upper middle income,2026,84,12.0,2.8,2,1–97 days,1–13 weeks,Partial / conditional,No,Employer,0,0.0,No,No,21.5,0.0,21.5,"World Bank Women, Business and the Law 2026 workbook, tab '6. Parenthood'"
Brazil,BRA,BRA,BRA,Latin America & Caribbean,Upper middle income,2026,120,17.1,3.9,3,98–183 days,14–26 weeks,Yes,Yes,Government,5,0.7,Partial / conditional,Yes,84.0,75.0,70.38,"World Bank Women, Business and the Law 2026 workbook, tab '6. Parenthood'"
Brunei Darussalam,BRN,BRN,BRN,East Asia & Pacific,High income,2026,91,13.0,3.0,2,1–97 days,1–13 weeks,Partial / conditional,Partial / conditional,Employer and government,0,0.0,No,No,35.75,25.0,20.81,"World Bank Women, Business and the Law 2026 workbook, tab '6. Parenthood'"
Bulgaria,BGR,BGR,BGR,Europe & Central Asia,High income,2026,775,110.7,25.5,5,365+ days,52+ weeks,Yes,Yes,Government,15,2.1,Yes,Yes,100.0,50.0,75.0,"World Bank Women, Business and the Law 2026 workbook, tab '6. Parenthood'"
Burkina Faso,BFA,BFA,BFA,Sub-Saharan Africa,Low income,2026,98,14.0,3.2,3,98–183 days,14–26 weeks,Yes,Yes,Government,3,0.4,Partial / conditional,Yes,80.25,50.0,60.19,"World Bank Women, Business and the Law 2026 workbook, tab '6. Parenthood'"
Burundi,BDI,BDI,BDI,Sub-Saharan Africa,Low income,2026,84,12.0,2.8,2,1–97 days,1–13 weeks,Partial / conditional,Partial / conditional,Employer and government,4,0.6,Partial / conditional,Yes,66.25,0.0,46.56,"World Bank Women, Business and the Law 2026 workbook, tab '6. Parenthood'"
Cabo Verde,CPV,CPV,CPV,Sub-Saharan Africa,Upper middle income,2026,90,12.9,3.0,2,1–97 days,1–13 weeks,Partial / conditional,Partial / conditional,Employer and government,14,2.0,Yes,Yes,85.5,75.0,79.25,"World Bank Women, Business and the Law 2026 workbook, tab '6. Parenthood'"
Cambodia,KHM,KHM,KHM,East Asia & Pacific,Lower middle income,2026,90,12.9,3.0,2,1–97 days,1–13 weeks,Partial / conditional,Partial / conditional,Employer and government,0,0.0,No,Yes,60.5,75.0,30.25,"World Bank Women, Business and the Law 2026 workbook, tab '6. Parenthood'"
Cameroon,CMR,CMR,CMR,Sub-Saharan Africa,Lower middle income,2026,98,14.0,3.2,3,98–183 days,14–26 weeks,Yes,Yes,Government,3,0.4,Partial / conditional,Yes,80.25,25.0,55.06,"World Bank Women, Business and the Law 2026 workbook, tab '6. Parenthood'"
Canada,CAN,CAN,CAN,High income: OECD,High income,2026,350,50.0,11.5,4,184–364 days,26–51 weeks,Yes,Yes,Government,35,5.0,Yes,Yes,100.0,100.0,75.0,"World Bank Women, Business and the Law 2026 workbook, tab '6. Parenthood'"
Central African Republic,CAF,CAF,CAF,Sub-Saharan Africa,Low income,2026,98,14.0,3.2,3,98–183 days,14–26 weeks,Yes,Partial / conditional,Employer and government,2,0.3,Partial / conditional,No,41.0,25.0,29.88,"World Bank Women, Business and the Law 2026 workbook, tab '6. Parenthood'"
Chad,TCD,TCD,TCD,Sub-Saharan Africa,Low income,2026,98,14.0,3.2,3,98–183 days,14–26 weeks,Yes,Partial / conditional,Employer and government,1,0.1,Partial / conditional,Yes,64.25,25.0,46.63,"World Bank Women, Business and the Law 2026 workbook, tab '6. Parenthood'"
Chile,CHL,CHL,CHL,High income: OECD,High income,2026,210,30.0,6.9,4,184–364 days,26–51 weeks,Yes,Yes,Government,7,1.0,Partial / conditional,Yes,87.5,75.0,78.13,"World Bank Women, Business and the Law 2026 workbook, tab '6. Parenthood'"
China,CHN,CHN,CHN,East Asia & Pacific,Upper middle income,2026,165,23.6,5.4,3,98–183 days,14–26 weeks,Yes,Yes,Government,21,3.0,Yes,Yes,100.0,75.0,100.0,"World Bank Women, Business and the Law 2026 workbook, tab '6. Parenthood'"
Colombia,COL,COL,COL,Latin America & Caribbean,Upper middle income,2026,126,18.0,4.1,3,98–183 days,14–26 weeks,Yes,Yes,Government,14,2.0,Yes,Yes,100.0,75.0,93.75,"World Bank Women, Business and the Law 2026 workbook, tab '6. Parenthood'"
Comoros,COM,COM,COM,Sub-Saharan Africa,Lower middle income,2026,98,14.0,3.2,3,98–183 days,14–26 weeks,Yes,No,Employer,0,0.0,No,Yes,50.0,0.0,37.5,"World Bank Women, Business and the Law 2026 workbook, tab '6. Parenthood'"
"Congo, Dem. Rep.",ZAR,COD,COD,Sub-Saharan Africa,Low income,2026,98,14.0,3.2,3,98–183 days,14–26 weeks,Yes,Yes,Government,3,0.4,Partial / conditional,Yes,80.25,25.0,50.0,"World Bank Women, Business and the Law 2026 workbook, tab '6. Parenthood'"
"Congo, Rep.",COG,COG,COG,Sub-Saharan Africa,Lower middle income,2026,105,15.0,3.4,3,98–183 days,14–26 weeks,Yes,Partial / conditional,Employer and government,0,0.0,No,No,37.5,25.0,37.5,"World Bank Women, Business and the Law 2026 workbook, tab '6. Parenthood'"
Costa Rica,CRI,CRI,CRI,Latin America & Caribbean,High income,2026,120,17.1,3.9,3,98–183 days,14–26 weeks,Yes,Partial / conditional,Employer and government,8,1.1,Partial / conditional,Yes,76.75,25.0,64.25,"World Bank Women, Business and the Law 2026 workbook, tab '6. Parenthood'"
Croatia,HRV,HRV,HRV,Europe & Central Asia,High income,2026,328,46.9,10.8,4,184–364 days,26–51 weeks,Yes,Yes,Government,148,21.1,Yes,Yes,100.0,75.0,96.88,"World Bank Women, Business and the Law 2026 workbook, tab '6. Parenthood'"
Cyprus,CYP,CYP,CYP,Europe & Central Asia,High income,2026,210,30.0,6.9,4,184–364 days,26–51 weeks,Yes,Yes,Government,70,10.0,Yes,Yes,100.0,25.0,100.0,"World Bank Women, Business and the Law 2026 workbook, tab '6. Parenthood'"
Czechia,CZE,CZE,CZE,High income: OECD,High income,2026,896,128.0,29.4,5,365+ days,52+ weeks,Yes,Yes,Government,14,2.0,Yes,Yes,100.0,75.0,100.0,"World Bank Women, Business and the Law 2026 workbook, tab '6. Parenthood'"
Côte d'Ivoire,CIV,CIV,CIV,Sub-Saharan Africa,Lower middle income,2026,98,14.0,3.2,3,98–183 days,14–26 weeks,Yes,Yes,Government,2,0.3,Partial / conditional,Yes,78.5,25.0,72.25,"World Bank Women, Business and the Law 2026 workbook, tab '6. Parenthood'"
Denmark,DNK,DNK,DNK,High income: OECD,High income,2026,168,24.0,5.5,3,98–183 days,14–26 weeks,Yes,Yes,Government,168,24.0,Yes,Yes,100.0,25.0,96.88,"World Bank Women, Business and the Law 2026 workbook, tab '6. Parenthood'"
Djibouti,DJI,DJI,DJI,Middle East & North Africa,Lower middle income,2026,182,26.0,6.0,3,98–183 days,14–26 weeks,Yes,Partial / conditional,Employer and government,3,0.4,Partial / conditional,Yes,67.75,25.0,64.0,"World Bank Women, Business and the Law 2026 workbook, tab '6. Parenthood'"
Dominica,DMA,DMA,DMA,Latin America & Caribbean,Upper middle income,2026,84,12.0,2.8,2,1–97 days,1–13 weeks,Partial / conditional,Partial / conditional,Employer and government,0,0.0,No,No,34.0,25.0,25.94,"World Bank Women, Business and the Law 2026 workbook, tab '6. Parenthood'"
Dominican Republic,DOM,DOM,DOM,Latin America & Caribbean,Upper middle income,2026,98,14.0,3.2,3,98–183 days,14–26 weeks,Yes,Partial / conditional,Employer and government,2,0.3,Partial / conditional,Yes,66.0,25.0,52.19,"World Bank Women, Business and the Law 2026 workbook, tab '6. Parenthood'"
Ecuador,ECU,ECU,ECU,Latin America & Caribbean,Upper middle income,2026,84,12.0,2.8,2,1–97 days,1–13 weeks,Partial / conditional,Partial / conditional,Employer and government,15,2.1,Yes,Yes,84.0,25.0,84.0,"World Bank Women, Business and the Law 2026 workbook, tab '6. Parenthood'"
"Egypt, Arab Rep.",EGY,EGY,EGY,Middle East & North Africa,Lower middle income,2026,120,17.1,3.9,3,98–183 days,14–26 weeks,Yes,Partial / conditional,Employer and government,1,0.1,Partial / conditional,Yes,64.25,25.0,,"World Bank Women, Business and the Law 2026 workbook, tab '6. Parenthood'"
El Salvador,SLV,SLV,SLV,Latin America & Caribbean,Upper middle income,2026,112,16.0,3.7,3,98–183 days,14–26 weeks,Yes,Yes,Government,3,0.4,Partial / conditional,Yes,80.25,75.0,74.0,"World Bank Women, Business and the Law 2026 workbook, tab '6. Parenthood'"
Equatorial Guinea,GNQ,GNQ,GNQ,Sub-Saharan Africa,Upper middle income,2026,84,12.0,2.8,2,1–97 days,1–13 weeks,Partial / conditional,Yes,Government,9,1.3,Partial / conditional,Yes,87.5,0.0,65.63,"World Bank Women, Business and the Law 2026 workbook, tab '6. Parenthood'"
Eritrea,ERI,ERI,ERI,Sub-Saharan Africa,Low income,2026,60,8.6,2.0,2,1–97 days,1–13 weeks,Partial / conditional,No,Employer,0,0.0,No,Yes,40.25,0.0,25.13,"World Bank Women, Business and the Law 2026 workbook, tab '6. Parenthood'"
Estonia,EST,EST,EST,High income: OECD,High income,2026,575,82.1,18.9,5,365+ days,52+ weeks,Yes,Yes,Government,30,4.3,Yes,Yes,100.0,25.0,100.0,"World Bank Women, Business and the Law 2026 workbook, tab '6. Parenthood'"
Eswatini,SWZ,SWZ,SWZ,Sub-Saharan Africa,Lower middle income,2026,14,2.0,0.5,2,1–97 days,1–13 weeks,Partial / conditional,No,Employer,0,0.0,No,Yes,28.5,0.0,11.13,"World Bank Women, Business and the Law 2026 workbook, tab '6. Parenthood'"
Ethiopia,ETH,ETH,ETH,Sub-Saharan Africa,N/A,2026,120,17.1,3.9,3,98–183 days,14–26 weeks,Yes,No,Employer,3,0.4,Partial / conditional,Yes,55.25,0.0,48.38,"World Bank Women, Business and the Law 2026 workbook, tab '6. Parenthood'"
Fiji,FJI,FJI,FJI,East Asia & Pacific,Upper middle income,2026,98,14.0,3.2,3,98–183 days,14–26 weeks,Yes,No,Employer,0,0.0,No,Yes,50.0,0.0,20.83,"World Bank Women, Business and the Law 2026 workbook, tab '6. Parenthood'"
Finland,FIN,FIN,FIN,High income: OECD,High income,2026,368,52.6,12.1,5,365+ days,52+ weeks,Yes,Partial / conditional,Employer and government,136,19.4,Yes,Yes,87.5,75.0,78.13,"World Bank Women, Business and the Law 2026 workbook, tab '6. Parenthood'"
France,FRA,FRA,FRA,High income: OECD,High income,2026,292,41.7,9.6,4,184–364 days,26–51 weeks,Yes,Yes,Government,205,29.3,Yes,Yes,100.0,100.0,90.63,"World Bank Women, Business and the Law 2026 workbook, tab '6. Parenthood'"
Gabon,GAB,GAB,GAB,Sub-Saharan Africa,Upper middle income,2026,98,14.0,3.2,3,98–183 days,14–26 weeks,Yes,Yes,Government,3,0.4,Partial / conditional,Yes,80.25,25.0,65.63,"World Bank Women, Business and the Law 2026 workbook, tab '6. Parenthood'"
"Gambia, The",GMB,GMB,GMB,Sub-Saharan Africa,Low income,2026,180,25.7,5.9,3,98–183 days,14–26 weeks,Yes,No,Employer,14,2.0,Yes,Yes,75.0,0.0,31.25,"World Bank Women, Business and the Law 2026 workbook, tab '6. Parenthood'"
Georgia,GEO,GEO,GEO,Europe & Central Asia,Upper middle income,2026,183,26.1,6.0,3,98–183 days,14–26 weeks,Yes,Yes,Government,0,0.0,No,Yes,75.0,50.0,50.0,"World Bank Women, Business and the Law 2026 workbook, tab '6. Parenthood'"
Germany,DEU,DEU,DEU,High income: OECD,High income,2026,458,65.4,15.0,5,365+ days,52+ weeks,Yes,Yes,Government,60,8.6,Yes,Yes,100.0,100.0,96.88,"World Bank Women, Business and the Law 2026 workbook, tab '6. Parenthood'"
Ghana,GHA,GHA,GHA,Sub-Saharan Africa,Lower middle income,2026,84,12.0,2.8,2,1–97 days,1–13 weeks,Partial / conditional,No,Employer,0,0.0,No,Yes,46.5,25.0,34.88,"World Bank Women, Business and the Law 2026 workbook, tab '6. Parenthood'"
Greece,GRC,GRC,GRC,High income: OECD,High income,2026,179,25.6,5.9,3,98–183 days,14–26 weeks,Yes,Yes,Government,78,11.1,Yes,Yes,100.0,75.0,78.13,"World Bank Women, Business and the Law 2026 workbook, tab '6. Parenthood'"
Grenada,GRD,GRD,GRD,Latin America & Caribbean,Upper middle income,2026,90,12.9,3.0,2,1–97 days,1–13 weeks,Partial / conditional,Partial / conditional,Employer and government,0,0.0,No,Yes,60.5,25.0,60.5,"World Bank Women, Business and the Law 2026 workbook, tab '6. Parenthood'"
Guatemala,GTM,GTM,GTM,Latin America & Caribbean,Upper middle income,2026,84,12.0,2.8,2,1–97 days,1–13 weeks,Partial / conditional,Yes,Government,2,0.3,Partial / conditional,Yes,75.0,50.0,49.13,"World Bank Women, Business and the Law 2026 workbook, tab '6. Parenthood'"
Guinea,GIN,GIN,GIN,Sub-Saharan Africa,Lower middle income,2026,98,14.0,3.2,3,98–183 days,14–26 weeks,Yes,Partial / conditional,Employer and government,0,0.0,No,No,37.5,0.0,28.13,"World Bank Women, Business and the Law 2026 workbook, tab '6. Parenthood'"
Guinea-Bissau,GNB,GNB,GNB,Sub-Saharan Africa,Low income,2026,90,12.9,3.0,2,1–97 days,1–13 weeks,Partial / conditional,No,Employer,15,2.1,Yes,No,48.0,0.0,14.63,"World Bank Women, Business and the Law 2026 workbook, tab '6. Parenthood'"
Guyana,GUY,GUY,GUY,Latin America & Caribbean,High income,2026,91,13.0,3.0,2,1–97 days,1–13 weeks,Partial / conditional,Yes,Government,0,0.0,No,Yes,73.25,0.0,67.0,"World Bank Women, Business and the Law 2026 workbook, tab '6. Parenthood'"
Haiti,HTI,HTI,HTI,Latin America & Caribbean,Lower middle income,2026,84,12.0,2.8,2,1–97 days,1–13 weeks,Partial / conditional,Yes,Government,0,0.0,No,Yes,71.5,25.0,47.81,"World Bank Women, Business and the Law 2026 workbook, tab '6. Parenthood'"
Honduras,HND,HND,HND,Latin America & Caribbean,Lower middle income,2026,84,12.0,2.8,2,1–97 days,1–13 weeks,Partial / conditional,Partial / conditional,Employer and government,0,0.0,No,Yes,59.0,25.0,44.25,"World Bank Women, Business and the Law 2026 workbook, tab '6. Parenthood'"
"Hong Kong SAR, China",HKG,HKG,HKG,East Asia & Pacific,High income,2026,98,14.0,3.2,3,98–183 days,14–26 weeks,Yes,Partial / conditional,Employer and government,7,1.0,Partial / conditional,Yes,75.0,25.0,62.5,"World Bank Women, Business and the Law 2026 workbook, tab '6. Parenthood'"
Hungary,HUN,HUN,HUN,High income: OECD,High income,2026,453,64.7,14.9,5,365+ days,52+ weeks,Yes,Yes,Government,74,10.6,Yes,Yes,100.0,50.0,81.25,"World Bank Women, Business and the Law 2026 workbook, tab '6. Parenthood'"
Iceland,ISL,ISL,ISL,High income: OECD,High income,2026,180,25.7,5.9,3,98–183 days,14–26 weeks,Yes,Yes,Government,180,25.7,Yes,Yes,100.0,75.0,93.75,"World Bank Women, Business and the Law 2026 workbook, tab '6. Parenthood'"
India,IND,IND,IND,South Asia,Lower middle income,2026,182,26.0,6.0,3,98–183 days,14–26 weeks,Yes,Yes,Government,0,0.0,No,No,50.0,50.0,37.5,"World Bank Women, Business and the Law 2026 workbook, tab '6. Parenthood'"
Indonesia,IDN,IDN,IDN,East Asia & Pacific,Upper middle income,2026,90,12.9,3.0,2,1–97 days,1–13 weeks,Partial / conditional,No,Employer,2,0.3,Partial / conditional,Yes,51.5,50.0,38.63,"World Bank Women, Business and the Law 2026 workbook, tab '6. Parenthood'"
"Iran, Islamic Rep.",IRN,IRN,IRN,Middle East & North Africa,Upper middle income,2026,270,38.6,8.9,4,184–364 days,26–51 weeks,Yes,Yes,Government,14,2.0,Yes,No,75.0,25.0,53.13,"World Bank Women, Business and the Law 2026 workbook, tab '6. Parenthood'"
Iraq,IRQ,IRQ,IRQ,Middle East & North Africa,Upper middle income,2026,98,14.0,3.2,3,98–183 days,14–26 weeks,Yes,Yes,Government,0,0.0,No,No,50.0,0.0,25.0,"World Bank Women, Business and the Law 2026 workbook, tab '6. Parenthood'"
Ireland,IRL,IRL,IRL,High income: OECD,High income,2026,245,35.0,8.0,4,184–364 days,26–51 weeks,Yes,Yes,Government,77,11.0,Yes,Yes,100.0,100.0,84.38,"World Bank Women, Business and the Law 2026 workbook, tab '6. Parenthood'"
Israel,ISR,ISR,ISR,High income: OECD,High income,2026,105,15.0,3.4,3,98–183 days,14–26 weeks,Yes,Yes,Government,0,0.0,No,Yes,75.0,25.0,68.75,"World Bank Women, Business and the Law 2026 workbook, tab '6. Parenthood'"
Italy,ITA,ITA,ITA,High income: OECD,High income,2026,330,47.1,10.8,4,184–364 days,26–51 weeks,Yes,Yes,Government,104,14.9,Yes,Yes,100.0,75.0,62.5,"World Bank Women, Business and the Law 2026 workbook, tab '6. Parenthood'"
Jamaica,JAM,JAM,JAM,Latin America & Caribbean,Upper middle income,2026,56,8.0,1.8,2,1–97 days,1–13 weeks,Partial / conditional,No,Employer,0,0.0,No,Yes,39.25,25.0,39.25,"World Bank Women, Business and the Law 2026 workbook, tab '6. Parenthood'"
Japan,JPN,JPN,JPN,High income: OECD,High income,2026,407,58.1,13.4,5,365+ days,52+ weeks,Yes,Yes,Government,393,56.1,Yes,Yes,100.0,75.0,81.25,"World Bank Women, Business and the Law 2026 workbook, tab '6. Parenthood'"
Jordan,JOR,JOR,JOR,Middle East & North Africa,Lower middle income,2026,70,10.0,2.3,2,1–97 days,1–13 weeks,Partial / conditional,Yes,Government,3,0.4,Partial / conditional,Yes,73.0,25.0,73.0,"World Bank Women, Business and the Law 2026 workbook, tab '6. Parenthood'"
Kazakhstan,KAZ,KAZ,KAZ,Europe & Central Asia,Upper middle income,2026,618,88.3,20.3,5,365+ days,52+ weeks,Yes,Yes,Government,0,0.0,No,Yes,75.0,50.0,,"World Bank Women, Business and the Law 2026 workbook, tab '6. Parenthood'"
Kenya,KEN,KEN,KEN,Sub-Saharan Africa,Lower middle income,2026,90,12.9,3.0,2,1–97 days,1–13 weeks,Partial / conditional,No,Employer,14,2.0,Yes,Yes,73.0,25.0,61.0,"World Bank Women, Business and the Law 2026 workbook, tab '6. Parenthood'"
Kiribati,KIR,KIR,KIR,East Asia & Pacific,Lower middle income,2026,84,12.0,2.8,2,1–97 days,1–13 weeks,Partial / conditional,No,Employer,0,0.0,No,Yes,46.5,50.0,23.25,"World Bank Women, Business and the Law 2026 workbook, tab '6. Parenthood'"
"Korea, Rep.",KOR,KOR,KOR,High income: OECD,High income,2026,635,90.7,20.9,5,365+ days,52+ weeks,Yes,Partial / conditional,Employer and government,385,55.0,Yes,Yes,87.5,50.0,,"World Bank Women, Business and the Law 2026 workbook, tab '6. Parenthood'"
Kosovo,KSV,KSV,KOS,Europe & Central Asia,Upper middle income,2026,270,38.6,8.9,4,184–364 days,26–51 weeks,Yes,Partial / conditional,Employer and government,7,1.0,Partial / conditional,Yes,75.0,25.0,37.5,"World Bank Women, Business and the Law 2026 workbook, tab '6. Parenthood'"
Kuwait,KWT,KWT,KWT,Middle East & North Africa,High income,2026,70,10.0,2.3,2,1–97 days,1–13 weeks,Partial / conditional,No,Employer,0,0.0,No,No,17.75,0.0,,"World Bank Women, Business and the Law 2026 workbook, tab '6. Parenthood'"
Kyrgyz Republic,KGZ,KGZ,KGZ,Europe & Central Asia,Lower middle income,2026,126,18.0,4.1,3,98–183 days,14–26 weeks,Yes,Partial / conditional,Employer and government,0,0.0,No,Yes,62.5,75.0,60.94,"World Bank Women, Business and the Law 2026 workbook, tab '6. Parenthood'"
Lao PDR,LAO,LAO,LAO,East Asia & Pacific,Lower middle income,2026,105,15.0,3.4,3,98–183 days,14–26 weeks,Yes,Partial / conditional,Employer and government,3,0.4,Partial / conditional,Yes,67.75,25.0,33.88,"World Bank Women, Business and the Law 2026 workbook, tab '6. Parenthood'"
Latvia,LVA,LVA,LVA,High income: OECD,High income,2026,421,60.1,13.8,5,365+ days,52+ weeks,Yes,Yes,Government,14,2.0,Yes,Yes,100.0,50.0,93.75,"World Bank Women, Business and the Law 2026 workbook, tab '6. Parenthood'"
Lebanon,LBN,LBN,LBN,Middle East & North Africa,Lower middle income,2026,70,10.0,2.3,2,1–97 days,1–13 weeks,Partial / conditional,No,Employer,0,0.0,No,Yes,42.75,0.0,23.56,"World Bank Women, Business and the Law 2026 workbook, tab '6. Parenthood'"
Lesotho,LSO,LSO,LSO,Sub-Saharan Africa,Lower middle income,2026,84,12.0,2.8,2,1–97 days,1–13 weeks,Partial / conditional,No,Employer,0,0.0,No,Yes,46.5,0.0,28.0,"World Bank Women, Business and the Law 2026 workbook, tab '6. Parenthood'"
Liberia,LBR,LBR,LBR,Sub-Saharan Africa,Low income,2026,98,14.0,3.2,3,98–183 days,14–26 weeks,Yes,No,Employer,0,0.0,No,No,25.0,0.0,18.75,"World Bank Women, Business and the Law 2026 workbook, tab '6. Parenthood'"
Libya,LBY,LBY,LBY,Middle East & North Africa,Upper middle income,2026,98,14.0,3.2,3,98–183 days,14–26 weeks,Yes,No,Employer,0,0.0,No,Yes,50.0,0.0,50.0,"World Bank Women, Business and the Law 2026 workbook, tab '6. Parenthood'"
Lithuania,LTU,LTU,LTU,High income: OECD,High income,2026,435,62.1,14.3,5,365+ days,52+ weeks,Yes,Yes,Government,30,4.3,Yes,Yes,100.0,50.0,96.88,"World Bank Women, Business and the Law 2026 workbook, tab '6. Parenthood'"
Luxembourg,LUX,LUX,LUX,High income: OECD,High income,2026,320,45.7,10.5,4,184–364 days,26–51 weeks,Yes,Yes,Government,194,27.7,Yes,Yes,100.0,75.0,96.88,"World Bank Women, Business and the Law 2026 workbook, tab '6. Parenthood'"
Madagascar,MDG,MDG,MDG,Sub-Saharan Africa,Low income,2026,98,14.0,3.2,3,98–183 days,14–26 weeks,Yes,Partial / conditional,Employer and government,3,0.4,Partial / conditional,Yes,67.75,0.0,66.67,"World Bank Women, Business and the Law 2026 workbook, tab '6. Parenthood'"
Malawi,MWI,MWI,MWI,Sub-Saharan Africa,Low income,2026,56,8.0,1.8,2,1–97 days,1–13 weeks,Partial / conditional,No,Employer,14,2.0,Yes,Yes,64.25,0.0,29.44,"World Bank Women, Business and the Law 2026 workbook, tab '6. Parenthood'"
Malaysia,MYS,MYS,MYS,East Asia & Pacific,Upper middle income,2026,98,14.0,3.2,3,98–183 days,14–26 weeks,Yes,No,Employer,7,1.0,Partial / conditional,Yes,62.5,0.0,43.75,"World Bank Women, Business and the Law 2026 workbook, tab '6. Parenthood'"
Maldives,MDV,MDV,MDV,South Asia,Upper middle income,2026,60,8.6,2.0,2,1–97 days,1–13 weeks,Partial / conditional,No,Employer,3,0.4,Partial / conditional,Yes,45.5,25.0,39.13,"World Bank Women, Business and the Law 2026 workbook, tab '6. Parenthood'"
Mali,MLI,MLI,MLI,Sub-Saharan Africa,Low income,2026,98,14.0,3.2,3,98–183 days,14–26 weeks,Yes,Yes,Government,3,0.4,Partial / conditional,No,55.25,25.0,54.63,"World Bank Women, Business and the Law 2026 workbook, tab '6. Parenthood'"
Malta,MLT,MLT,MLT,Middle East & North Africa,High income,2026,186,26.6,6.1,4,184–364 days,26–51 weeks,Yes,Partial / conditional,Employer and government,74,10.6,Yes,Yes,87.5,75.0,,"World Bank Women, Business and the Law 2026 workbook, tab '6. Parenthood'"
Marshall Islands,MHL,MHL,MHL,East Asia & Pacific,Upper middle income,2026,0,0.0,0.0,1,0 days,0 weeks,No,No,N/A,0,0.0,No,No,0.0,0.0,0.0,"World Bank Women, Business and the Law 2026 workbook, tab '6. Parenthood'"
Mauritania,MRT,MRT,MRT,Sub-Saharan Africa,Lower middle income,2026,98,14.0,3.2,3,98–183 days,14–26 weeks,Yes,Yes,Government,1,0.1,Partial / conditional,No,51.75,25.0,38.81,"World Bank Women, Business and the Law 2026 workbook, tab '6. Parenthood'"
Mauritius,MUS,MUS,MUS,Sub-Saharan Africa,Upper middle income,2026,112,16.0,3.7,3,98–183 days,14–26 weeks,Yes,No,Employer,28,4.0,Yes,Yes,75.0,0.0,56.25,"World Bank Women, Business and the Law 2026 workbook, tab '6. Parenthood'"
Mexico,MEX,MEX,MEX,Latin America & Caribbean,Upper middle income,2026,84,12.0,2.8,2,1–97 days,1–13 weeks,Partial / conditional,Yes,Government,7,1.0,Partial / conditional,Yes,84.0,50.0,50.5,"World Bank Women, Business and the Law 2026 workbook, tab '6. Parenthood'"
"Micronesia, Fed. Sts.",FSM,FSM,FSM,East Asia & Pacific,Lower middle income,2026,0,0.0,0.0,1,0 days,0 weeks,No,No,N/A,0,0.0,No,No,0.0,0.0,0.0,"World Bank Women, Business and the Law 2026 workbook, tab '6. Parenthood'"
Moldova,MDA,MDA,MDA,Europe & Central Asia,Upper middle income,2026,1165,166.4,38.3,5,365+ days,52+ weeks,Yes,Yes,Government,14,2.0,Yes,Yes,100.0,50.0,75.0,"World Bank Women, Business and the Law 2026 workbook, tab '6. Parenthood'"
Mongolia,MNG,MNG,MNG,East Asia & Pacific,Upper middle income,2026,1215,173.6,39.9,5,365+ days,52+ weeks,Yes,Yes,Government,14,2.0,Yes,Yes,100.0,25.0,68.75,"World Bank Women, Business and the Law 2026 workbook, tab '6. Parenthood'"
Montenegro,MNE,MNE,MNE,Europe & Central Asia,Upper middle income,2026,365,52.1,12.0,5,365+ days,52+ weeks,Yes,Yes,Government,0,0.0,No,Yes,75.0,75.0,,"World Bank Women, Business and the Law 2026 workbook, tab '6. Parenthood'"
Morocco,MAR,MAR,MAR,Middle East & North Africa,Lower middle income,2026,98,14.0,3.2,3,98–183 days,14–26 weeks,Yes,Yes,Government,3,0.4,Partial / conditional,Yes,80.25,50.0,74.0,"World Bank Women, Business and the Law 2026 workbook, tab '6. Parenthood'"
Mozambique,MOZ,MOZ,MOZ,Sub-Saharan Africa,Low income,2026,90,12.9,3.0,2,1–97 days,1–13 weeks,Partial / conditional,Yes,Government,7,1.0,Partial / conditional,Yes,85.5,25.0,60.75,"World Bank Women, Business and the Law 2026 workbook, tab '6. Parenthood'"
Myanmar,MMR,MMR,MMR,East Asia & Pacific,Lower middle income,2026,98,14.0,3.2,3,98–183 days,14–26 weeks,Yes,Yes,Government,15,2.1,Yes,No,75.0,0.0,56.25,"World Bank Women, Business and the Law 2026 workbook, tab '6. Parenthood'"
Namibia,NAM,NAM,NAM,Sub-Saharan Africa,Lower middle income,2026,84,12.0,2.8,2,1–97 days,1–13 weeks,Partial / conditional,Yes,Government,0,0.0,No,Yes,71.5,25.0,47.38,"World Bank Women, Business and the Law 2026 workbook, tab '6. Parenthood'"
Nepal,NPL,NPL,NPL,South Asia,Lower middle income,2026,98,14.0,3.2,3,98–183 days,14–26 weeks,Yes,Partial / conditional,Employer and government,15,2.1,Yes,No,62.5,50.0,37.5,"World Bank Women, Business and the Law 2026 workbook, tab '6. Parenthood'"
Netherlands,NLD,NLD,NLD,High income: OECD,High income,2026,175,25.0,5.7,3,98–183 days,14–26 weeks,Yes,Yes,Government,105,15.0,Yes,Yes,100.0,100.0,81.25,"World Bank Women, Business and the Law 2026 workbook, tab '6. Parenthood'"
New Zealand,NZL,NZL,NZL,High income: OECD,High income,2026,182,26.0,6.0,3,98–183 days,14–26 weeks,Yes,Yes,N/A,0,0.0,No,Yes,75.0,25.0,,"World Bank Women, Business and the Law 2026 workbook, tab '6. Parenthood'"
Nicaragua,NIC,NIC,NIC,Latin America & Caribbean,Lower middle income,2026,91,13.0,3.0,2,1–97 days,1–13 weeks,Partial / conditional,Partial / conditional,Employer and government,7,1.0,Partial / conditional,Yes,73.25,25.0,62.5,"World Bank Women, Business and the Law 2026 workbook, tab '6. Parenthood'"
Niger,NER,NER,NER,Sub-Saharan Africa,Low income,2026,98,14.0,3.2,3,98–183 days,14–26 weeks,Yes,Partial / conditional,Employer and government,1,0.1,Partial / conditional,Yes,64.25,0.0,37.94,"World Bank Women, Business and the Law 2026 workbook, tab '6. Parenthood'"
Nigeria,NGA,NGA,NGA,Sub-Saharan Africa,Lower middle income,2026,84,12.0,2.8,2,1–97 days,1–13 weeks,Partial / conditional,No,Employer,0,0.0,No,No,21.5,25.0,10.75,"World Bank Women, Business and the Law 2026 workbook, tab '6. Parenthood'"
North Macedonia,MKD,MKD,MKD,Europe & Central Asia,Upper middle income,2026,270,38.6,8.9,4,184–364 days,26–51 weeks,Yes,Yes,Government,2,0.3,Partial / conditional,Yes,78.5,100.0,57.56,"World Bank Women, Business and the Law 2026 workbook, tab '6. Parenthood'"
Norway,NOR,NOR,NOR,High income: OECD,High income,2026,238,34.0,7.8,4,184–364 days,26–51 weeks,Yes,Yes,N/A,105,15.0,Yes,Yes,100.0,75.0,87.5,"World Bank Women, Business and the Law 2026 workbook, tab '6. Parenthood'"
Oman,OMN,OMN,OMN,Middle East & North Africa,High income,2026,98,14.0,3.2,3,98–183 days,14–26 weeks,Yes,Yes,Government,7,1.0,Partial / conditional,Yes,87.5,25.0,,"World Bank Women, Business and the Law 2026 workbook, tab '6. Parenthood'"
Pakistan,PAK,PAK,PAK,South Asia,Lower middle income,2026,112,16.0,3.7,3,98–183 days,14–26 weeks,Yes,Partial / conditional,Employer and government,0,0.0,No,No,37.5,50.0,25.0,"World Bank Women, Business and the Law 2026 workbook, tab '6. Parenthood'"
Palau,PLW,PLW,PLW,East Asia & Pacific,High income,2026,0,0.0,0.0,1,0 days,0 weeks,No,No,N/A,0,0.0,No,No,0.0,0.0,0.0,"World Bank Women, Business and the Law 2026 workbook, tab '6. Parenthood'"
Panama,PAN,PAN,PAN,Latin America & Caribbean,High income,2026,98,14.0,3.2,3,98–183 days,14–26 weeks,Yes,Yes,Government,3,0.4,Partial / conditional,Yes,80.25,50.0,70.06,"World Bank Women, Business and the Law 2026 workbook, tab '6. Parenthood'"
Papua New Guinea,PNG,PNG,PNG,East Asia & Pacific,Lower middle income,2026,0,0.0,0.0,1,0 days,0 weeks,No,No,N/A,0,0.0,No,No,0.0,0.0,0.0,"World Bank Women, Business and the Law 2026 workbook, tab '6. Parenthood'"
Paraguay,PRY,PRY,PRY,Latin America & Caribbean,Upper middle income,2026,126,18.0,4.1,3,98–183 days,14–26 weeks,Yes,Yes,Government,14,2.0,Yes,Yes,100.0,50.0,68.75,"World Bank Women, Business and the Law 2026 workbook, tab '6. Parenthood'"
Peru,PER,PER,PER,Latin America & Caribbean,Upper middle income,2026,98,14.0,3.2,3,98–183 days,14–26 weeks,Yes,Yes,Government,10,1.4,Partial / conditional,Yes,92.75,75.0,69.56,"World Bank Women, Business and the Law 2026 workbook, tab '6. Parenthood'"
Philippines,PHL,PHL,PHL,East Asia & Pacific,Lower middle income,2026,105,15.0,3.4,3,98–183 days,14–26 weeks,Yes,Partial / conditional,Employer and government,7,1.0,Partial / conditional,Yes,75.0,50.0,43.75,"World Bank Women, Business and the Law 2026 workbook, tab '6. Parenthood'"
Poland,POL,POL,POL,High income: OECD,High income,2026,427,61.0,14.0,5,365+ days,52+ weeks,Yes,Yes,Government,77,11.0,Yes,Yes,100.0,75.0,100.0,"World Bank Women, Business and the Law 2026 workbook, tab '6. Parenthood'"
Portugal,PRT,PRT,PRT,High income: OECD,High income,2026,120,17.1,3.9,3,98–183 days,14–26 weeks,Yes,Yes,N/A,65,9.3,Yes,Yes,100.0,75.0,75.0,"World Bank Women, Business and the Law 2026 workbook, tab '6. Parenthood'"
Puerto Rico (US),PRI,PRI,PRI,Latin America & Caribbean,High income,2026,56,8.0,1.8,2,1–97 days,1–13 weeks,Partial / conditional,No,Employer,0,0.0,No,Yes,39.25,0.0,34.38,"World Bank Women, Business and the Law 2026 workbook, tab '6. Parenthood'"
Qatar,QAT,QAT,QAT,Middle East & North Africa,High income,2026,50,7.1,1.6,2,1–97 days,1–13 weeks,Partial / conditional,No,Employer,0,0.0,No,No,12.75,0.0,12.75,"World Bank Women, Business and the Law 2026 workbook, tab '6. Parenthood'"
Romania,ROM,ROU,ROU,Europe & Central Asia,High income,2026,733,104.7,24.1,5,365+ days,52+ weeks,Yes,Yes,Government,81,11.6,Yes,Yes,100.0,75.0,96.88,"World Bank Women, Business and the Law 2026 workbook, tab '6. Parenthood'"
Russian Federation,RUS,RUS,RUS,Europe & Central Asia,High income,2026,615,87.9,20.2,5,365+ days,52+ weeks,Yes,Yes,Government,0,0.0,No,Yes,75.0,25.0,68.75,"World Bank Women, Business and the Law 2026 workbook, tab '6. Parenthood'"
Rwanda,RWA,RWA,RWA,Sub-Saharan Africa,Low income,2026,98,14.0,3.2,3,98–183 days,14–26 weeks,Yes,Partial / conditional,Employer and government,7,1.0,Partial / conditional,Yes,75.0,75.0,45.31,"World Bank Women, Business and the Law 2026 workbook, tab '6. Parenthood'"
Samoa,WSM,WSM,WSM,East Asia & Pacific,Upper middle income,2026,28,4.0,0.9,2,1–97 days,1–13 weeks,Partial / conditional,No,Employer,7,1.0,Partial / conditional,Yes,44.75,50.0,,"World Bank Women, Business and the Law 2026 workbook, tab '6. Parenthood'"
San Marino,SMR,SMR,SMR,Europe & Central Asia,High income,2026,630,90.0,20.7,5,365+ days,52+ weeks,Yes,Yes,Government,14,2.0,Yes,Yes,100.0,50.0,96.88,"World Bank Women, Business and the Law 2026 workbook, tab '6. Parenthood'"
Saudi Arabia,SAU,SAU,SAU,Middle East & North Africa,High income,2026,84,12.0,2.8,2,1–97 days,1–13 weeks,Partial / conditional,Yes,Government,3,0.4,Partial / conditional,Yes,76.75,75.0,45.38,"World Bank Women, Business and the Law 2026 workbook, tab '6. Parenthood'"
Senegal,SEN,SEN,SEN,Sub-Saharan Africa,Lower middle income,2026,98,14.0,3.2,3,98–183 days,14–26 weeks,Yes,Yes,Government,1,0.1,Partial / conditional,Yes,76.75,25.0,65.63,"World Bank Women, Business and the Law 2026 workbook, tab '6. Parenthood'"
Serbia,SRB,SRB,SRB,Europe & Central Asia,Upper middle income,2026,365,52.1,12.0,5,365+ days,52+ weeks,Yes,Yes,Government,7,1.0,Partial / conditional,Yes,87.5,50.0,62.5,"World Bank Women, Business and the Law 2026 workbook, tab '6. Parenthood'"
Seychelles,SYC,SYC,SYC,Sub-Saharan Africa,High income,2026,112,16.0,3.7,3,98–183 days,14–26 weeks,Yes,Yes,Government,14,2.0,Yes,Yes,100.0,25.0,96.88,"World Bank Women, Business and the Law 2026 workbook, tab '6. Parenthood'"
Sierra Leone,SLE,SLE,SLE,Sub-Saharan Africa,Low income,2026,98,14.0,3.2,3,98–183 days,14–26 weeks,Yes,No,Employer,14,2.0,Yes,Yes,75.0,0.0,62.5,"World Bank Women, Business and the Law 2026 workbook, tab '6. Parenthood'"
Singapore,SGP,SGP,SGP,East Asia & Pacific,High income,2026,154,22.0,5.1,3,98–183 days,14–26 weeks,Yes,Partial / conditional,Employer and government,28,4.0,Yes,No,62.5,75.0,62.5,"World Bank Women, Business and the Law 2026 workbook, tab '6. Parenthood'"
Slovak Republic,SVK,SVK,SVK,High income: OECD,High income,2026,1137,162.4,37.4,5,365+ days,52+ weeks,Yes,Yes,Government,196,28.0,Yes,Yes,100.0,100.0,,"World Bank Women, Business and the Law 2026 workbook, tab '6. Parenthood'"
Slovenia,SVN,SVN,SVN,High income: OECD,High income,2026,265,37.9,8.7,4,184–364 days,26–51 weeks,Yes,Yes,Government,175,25.0,Yes,Yes,100.0,75.0,100.0,"World Bank Women, Business and the Law 2026 workbook, tab '6. Parenthood'"
Solomon Islands,SLB,SLB,SLB,East Asia & Pacific,Lower middle income,2026,84,12.0,2.8,2,1–97 days,1–13 weeks,Partial / conditional,No,Employer,0,0.0,No,No,21.5,25.0,8.06,"World Bank Women, Business and the Law 2026 workbook, tab '6. Parenthood'"
"Somalia, Fed. Rep.",SOM,SOM,SOM,Sub-Saharan Africa,Low income,2026,98,14.0,3.2,3,98–183 days,14–26 weeks,Yes,No,Employer,14,2.0,Yes,Yes,75.0,0.0,33.33,"World Bank Women, Business and the Law 2026 workbook, tab '6. Parenthood'"
South Africa,ZAF,ZAF,ZAF,Sub-Saharan Africa,Upper middle income,2026,120,17.1,3.9,3,98–183 days,14–26 weeks,Yes,Yes,Government,10,1.4,Partial / conditional,Yes,92.75,25.0,69.19,"World Bank Women, Business and the Law 2026 workbook, tab '6. Parenthood'"
South Sudan,SSD,SSD,SSD,Sub-Saharan Africa,Low income,2026,90,12.9,3.0,2,1–97 days,1–13 weeks,Partial / conditional,Partial / conditional,Employer and government,14,2.0,Yes,Yes,85.5,25.0,76.83,"World Bank Women, Business and the Law 2026 workbook, tab '6. Parenthood'"
Spain,ESP,ESP,ESP,High income: OECD,High income,2026,133,19.0,4.4,3,98–183 days,14–26 weeks,Yes,Yes,Government,133,19.0,Yes,Yes,100.0,100.0,100.0,"World Bank Women, Business and the Law 2026 workbook, tab '6. Parenthood'"
Sri Lanka,LKA,LKA,LKA,South Asia,Lower middle income,2026,84,12.0,2.8,2,1–97 days,1–13 weeks,Partial / conditional,No,Employer,0,0.0,No,Yes,46.5,0.0,46.5,"World Bank Women, Business and the Law 2026 workbook, tab '6. Parenthood'"
St. Kitts and Nevis,KNA,KNA,KNA,Latin America & Caribbean,High income,2026,91,13.0,3.0,2,1–97 days,1–13 weeks,Partial / conditional,Yes,Government,0,0.0,No,Yes,73.25,50.0,57.88,"World Bank Women, Business and the Law 2026 workbook, tab '6. Parenthood'"
St. Lucia,LCA,LCA,LCA,Latin America & Caribbean,Upper middle income,2026,91,13.0,3.0,2,1–97 days,1–13 weeks,Partial / conditional,Yes,Government,0,0.0,No,Yes,73.25,25.0,51.81,"World Bank Women, Business and the Law 2026 workbook, tab '6. Parenthood'"
St. Vincent and the Grenadines,VCT,VCT,VCT,Latin America & Caribbean,Upper middle income,2026,91,13.0,3.0,2,1–97 days,1–13 weeks,Partial / conditional,Partial / conditional,Employer and government,0,0.0,No,Yes,60.75,25.0,59.19,"World Bank Women, Business and the Law 2026 workbook, tab '6. Parenthood'"
Sudan,SDN,SDN,SDN,Sub-Saharan Africa,Low income,2026,56,8.0,1.8,2,1–97 days,1–13 weeks,Partial / conditional,No,Employer,0,0.0,No,Yes,39.25,0.0,19.63,"World Bank Women, Business and the Law 2026 workbook, tab '6. Parenthood'"
Suriname,SUR,SUR,SUR,Latin America & Caribbean,Upper middle income,2026,112,16.0,3.7,3,98–183 days,14–26 weeks,Yes,Yes,Government,8,1.1,Partial / conditional,Yes,89.25,25.0,63.38,"World Bank Women, Business and the Law 2026 workbook, tab '6. Parenthood'"
Sweden,SWE,SWE,SWE,High income: OECD,High income,2026,390,55.7,12.8,5,365+ days,52+ weeks,Yes,Yes,N/A,104,14.9,Yes,Yes,100.0,75.0,96.88,"World Bank Women, Business and the Law 2026 workbook, tab '6. Parenthood'"
Switzerland,CHE,CHE,CHE,High income: OECD,High income,2026,98,14.0,3.2,3,98–183 days,14–26 weeks,Yes,Yes,Government,14,2.0,Yes,Yes,100.0,75.0,75.0,"World Bank Women, Business and the Law 2026 workbook, tab '6. Parenthood'"
Syrian Arab Republic,SYR,SYR,SYR,Middle East & North Africa,Low income,2026,120,17.1,3.9,3,98–183 days,14–26 weeks,Yes,No,Employer,0,0.0,No,Yes,50.0,0.0,43.75,"World Bank Women, Business and the Law 2026 workbook, tab '6. Parenthood'"
São Tomé and Príncipe,STP,STP,STP,Sub-Saharan Africa,Lower middle income,2026,90,12.9,3.0,2,1–97 days,1–13 weeks,Partial / conditional,Yes,Government,0,0.0,No,Yes,73.0,25.0,55.0,"World Bank Women, Business and the Law 2026 workbook, tab '6. Parenthood'"
"Taiwan, China",TWN,TWN,TWN,East Asia & Pacific,High income,2026,236,33.7,7.8,4,184–364 days,26–51 weeks,Yes,No,Employer,189,27.0,Yes,Yes,75.0,75.0,75.0,"World Bank Women, Business and the Law 2026 workbook, tab '6. Parenthood'"
Tajikistan,TJK,TJK,TJK,Europe & Central Asia,Lower middle income,2026,615,87.9,20.2,5,365+ days,52+ weeks,Yes,Yes,Government,0,0.0,No,Yes,75.0,25.0,68.75,"World Bank Women, Business and the Law 2026 workbook, tab '6. Parenthood'"
Tanzania,TZA,TZA,TZA,Sub-Saharan Africa,Lower middle income,2026,84,12.0,2.8,2,1–97 days,1–13 weeks,Partial / conditional,Yes,Government,3,0.4,Partial / conditional,Yes,76.75,25.0,43.75,"World Bank Women, Business and the Law 2026 workbook, tab '6. Parenthood'"
Thailand,THA,THA,THA,East Asia & Pacific,Upper middle income,2026,90,12.9,3.0,2,1–97 days,1–13 weeks,Partial / conditional,Partial / conditional,Employer and government,0,0.0,No,Yes,60.5,25.0,45.38,"World Bank Women, Business and the Law 2026 workbook, tab '6. Parenthood'"
Timor-Leste,TMP,TLS,TLS,East Asia & Pacific,Lower middle income,2026,84,12.0,2.8,2,1–97 days,1–13 weeks,Partial / conditional,Yes,Government,7,1.0,Partial / conditional,Yes,84.0,25.0,42.0,"World Bank Women, Business and the Law 2026 workbook, tab '6. Parenthood'"
Togo,TGO,TGO,TGO,Sub-Saharan Africa,Low income,2026,98,14.0,3.2,3,98–183 days,14–26 weeks,Yes,Yes,Government,2,0.3,Partial / conditional,Yes,78.5,25.0,71.38,"World Bank Women, Business and the Law 2026 workbook, tab '6. Parenthood'"
Tonga,TON,TON,TON,East Asia & Pacific,Upper middle income,2026,0,0.0,0.0,1,0 days,0 weeks,No,No,N/A,0,0.0,No,No,0.0,0.0,0.0,"World Bank Women, Business and the Law 2026 workbook, tab '6. Parenthood'"
Trinidad and Tobago,TTO,TTO,TTO,Latin America & Caribbean,High income,2026,98,14.0,3.2,3,98–183 days,14–26 weeks,Yes,Partial / conditional,Employer and government,0,0.0,No,No,37.5,25.0,31.25,"World Bank Women, Business and the Law 2026 workbook, tab '6. Parenthood'"
Tunisia,TUN,TUN,TUN,Middle East & North Africa,Lower middle income,2026,30,4.3,1.0,2,1–97 days,1–13 weeks,Partial / conditional,Yes,Government,1,0.1,Partial / conditional,No,34.5,25.0,,"World Bank Women, Business and the Law 2026 workbook, tab '6. Parenthood'"
Türkiye,TUR,TUR,TUR,Europe & Central Asia,Upper middle income,2026,112,16.0,3.7,3,98–183 days,14–26 weeks,Yes,Yes,Government,7,1.0,Partial / conditional,Yes,87.5,25.0,60.94,"World Bank Women, Business and the Law 2026 workbook, tab '6. Parenthood'"
Uganda,UGA,UGA,UGA,Sub-Saharan Africa,Low income,2026,84,12.0,2.8,2,1–97 days,1–13 weeks,Partial / conditional,No,Employer,4,0.6,Partial / conditional,Yes,53.75,50.0,26.88,"World Bank Women, Business and the Law 2026 workbook, tab '6. Parenthood'"
Ukraine,UKR,UKR,UKR,Europe & Central Asia,Upper middle income,2026,126,18.0,4.1,3,98–183 days,14–26 weeks,Yes,Yes,Government,14,2.0,Yes,Yes,100.0,50.0,84.38,"World Bank Women, Business and the Law 2026 workbook, tab '6. Parenthood'"
United Arab Emirates,ARE,ARE,ARE,Middle East & North Africa,High income,2026,67,9.6,2.2,2,1–97 days,1–13 weeks,Partial / conditional,No,Employer,7,1.0,Partial / conditional,Yes,54.5,0.0,,"World Bank Women, Business and the Law 2026 workbook, tab '6. Parenthood'"
United Kingdom,GBR,GBR,GBR,High income: OECD,High income,2026,273,39.0,9.0,4,184–364 days,26–51 weeks,Yes,Partial / conditional,Employer and government,14,2.0,Yes,Yes,87.5,100.0,67.19,"World Bank Women, Business and the Law 2026 workbook, tab '6. Parenthood'"
United States,USA,USA,USA,High income: OECD,High income,2026,84,12.0,2.8,2,1–97 days,1–13 weeks,Partial / conditional,Yes,N/A,84,12.0,Yes,Yes,96.5,25.0,59.88,"World Bank Women, Business and the Law 2026 workbook, tab '6. Parenthood'"
Uruguay,URY,URY,URY,Latin America & Caribbean,High income,2026,98,14.0,3.2,3,98–183 days,14–26 weeks,Yes,Yes,Government,14,2.0,Yes,Yes,100.0,100.0,100.0,"World Bank Women, Business and the Law 2026 workbook, tab '6. Parenthood'"
Uzbekistan,UZB,UZB,UZB,Europe & Central Asia,Lower middle income,2026,800,114.3,26.3,5,365+ days,52+ weeks,Yes,Partial / conditional,Employer and government,0,0.0,No,Yes,62.5,25.0,50.0,"World Bank Women, Business and the Law 2026 workbook, tab '6. Parenthood'"
Vanuatu,VUT,VUT,VUT,East Asia & Pacific,Lower middle income,2026,84,12.0,2.8,2,1–97 days,1–13 weeks,Partial / conditional,No,Employer,0,0.0,No,No,21.5,25.0,21.5,"World Bank Women, Business and the Law 2026 workbook, tab '6. Parenthood'"
"Venezuela, RB",VEN,VEN,VEN,Latin America & Caribbean,N/A,2026,182,26.0,6.0,3,98–183 days,14–26 weeks,Yes,Yes,Government,14,2.0,Yes,Yes,100.0,25.0,50.0,"World Bank Women, Business and the Law 2026 workbook, tab '6. Parenthood'"
Viet Nam,VNM,VNM,VNM,East Asia & Pacific,Lower middle income,2026,180,25.7,5.9,3,98–183 days,14–26 weeks,Yes,Yes,Government,5,0.7,Partial / conditional,Yes,84.0,75.0,63.0,"World Bank Women, Business and the Law 2026 workbook, tab '6. Parenthood'"
West Bank and Gaza,WBG,PSE,PSE,Middle East & North Africa,Lower middle income,2026,70,10.0,2.3,2,1–97 days,1–13 weeks,Partial / conditional,No,Employer,0,0.0,No,No,17.75,0.0,,"World Bank Women, Business and the Law 2026 workbook, tab '6. Parenthood'"
"Yemen, Rep.",YEM,YEM,YEM,Middle East & North Africa,Low income,2026,70,10.0,2.3,2,1–97 days,1–13 weeks,Partial / conditional,No,Employer,0,0.0,No,No,17.75,0.0,13.31,"World Bank Women, Business and the Law 2026 workbook, tab '6. Parenthood'"
Zambia,ZMB,ZMB,ZMB,Sub-Saharan Africa,Lower middle income,2026,98,14.0,3.2,3,98–183 days,14–26 weeks,Yes,No,Employer,0,0.0,No,Yes,50.0,0.0,41.67,"World Bank Women, Business and the Law 2026 workbook, tab '6. Parenthood'"
Zimbabwe,ZWE,ZWE,ZWE,Sub-Saharan Africa,Lower middle income,2026,98,14.0,3.2,3,98–183 days,14–26 weeks,Yes,No,Employer,0,0.0,No,Yes,50.0,25.0,31.25,"World Bank Women, Business and the Law 2026 workbook, tab '6. Parenthood'"
